timepoint,stationcode,longitude,latitude,area,positionname,primarypollutant,aqi,pm10,pm10_24h,pm2_5,pm2_5_24h,o3,o3_24h,o3_8h,o3_8h_24h,no2,no2_24h,so2,so2_24h,co,co_24h
2026-02-05T0300,2568A,102.2503,31.8896,阿坝藏族羌族自治州,马师校,,14,12,18,6,10,42,,,,5,12,4,4,0.4,0.5
2026-02-05T0300,3994A,102.2174,31.9016,阿坝藏族羌族自治州,马尔康中学西区,,,16,24,6,10,49,,,,4,8,,7,0.4,0.5
2026-02-05T0300,2696A,80.2592,41.1541,阿克苏地区,艺术中心,细颗粒物(PM2.5),219,291,204,169,95,14,,,,109,54,9,6,3.3,1.3
2026-02-05T0300,2206A,105.7198,38.8508,阿拉善盟,环保局新楼,,28,16,41,3,15,88,,,,3,5,9,9,0.4,0.5
2026-02-05T0300,2708A,88.1266,47.8515,阿勒泰地区,市站,,32,32,18,20,7,58,,,,24,20,2,4,0.5,0.3
2026-02-05T0300,2630A,80.1171,32.4999,阿里地区,阿里监测站,,20,6,3,3,4,64,,,,8,4,8,8,0.4,0.3
2026-02-05T0300,3192A,80.0906,32.5029,阿里地区,阿里藏医院,,22,11,8,3,3,70,,,,9,3,14,9,0.5,0.3
2026-02-05T0300,2644A,109.0088,32.6974,安康市,汉滨区检察院,细颗粒物(PM2.5),70,76,82,51,53,11,,,,24,33,8,8,0.7,0.8
2026-02-05T0300,4054A,109.0324,32.6913,安康市,市邮政管理局,细颗粒物(PM2.5),69,84,98,50,56,7,,,,29,39,8,7,0.7,0.9
2026-02-05T0300,2291A,117.0806,30.5181,安庆市,环科院,细颗粒物(PM2.5),69,68,86,50,58,12,,,,54,41,6,9,0.7,0.8
2026-02-05T0300,2292A,117.0331,30.5118,安庆市,马山宾馆,细颗粒物(PM2.5),69,63,83,50,60,7,,,,57,45,5,8,1.0,1
2026-02-05T0300,2294A,116.9897,30.6146,安庆市,安庆大学,细颗粒物(PM2.5),69,78,80,50,47,15,,,,46,39,4,6,0.7,0.7
2026-02-05T0300,3173A,117.0598,30.5351,安庆市,市人大,颗粒物(PM10),60,70,85,42,46,7,,,,57,38,5,9,0.6,0.6
2026-02-05T0300,3123A,105.9408,26.2431,安顺市,凤凰山,,20,19,32,14,24,45,,,,9,13,9,15,0.8,0.8
2026-02-05T0300,3125A,105.8983,26.248,安顺市,娄家坡,,23,,27,16,23,47,,,,9,11,14,13,0.8,0.7
2026-02-05T0300,1819A,114.3552,36.1017,安阳市,红庙街,细颗粒物(PM2.5),122,116,135,92,112,17,,,,57,42,4,8,1.0,1.1
2026-02-05T0300,4257A,104.6092,35.5962,定西市,将台街,细颗粒物(PM2.5),67,63,91,48,54,11,,,,38,33,12,16,1.0,1
2026-02-05T0300,4309A,104.6159,35.5701,定西市,正龙路62号,细颗粒物(PM2.5),62,69,88,44,46,31,,,,12,15,6,11,1.0,1
2026-02-05T0300,1390A,113.7943,23.0132,东莞市,东城石井,颗粒物(PM10),57,64,70,37,40,40,,,,31,40,5,7,0.6,0.7
2026-02-05T0300,1391A,113.7384,22.9659,东莞市,南城西平,细颗粒物(PM2.5),58,62,57,41,36,43,,,,46,39,6,6,0.6,0.6
2026-02-05T0300,3319A,113.7283,23.041,东莞市,万江金泰,颗粒物(PM10),63,75,74,39,42,65,,,,29,34,5,6,0.8,0.9
2026-02-05T0300,4129A,113.8666,23.1062,东莞市,裕兴路,颗粒物(PM10),88,125,89,63,43,0,,,,75,40,6,6,1.0,0.9
2026-02-05T0300,4130A,114.0076,22.9739,东莞市,教育路1号,颗粒物(PM10),65,80,72,40,40,38,,,,54,43,4,5,0.7,0.7
2026-02-05T0300,4131A,113.7981,22.8124,东莞市,长怡路1号,颗粒物(PM10),62,73,66,33,33,23,,,,46,38,6,7,0.8,0.8
2026-02-05T0300,1666A,118.6612,37.4313,东营市,市环保局,细颗粒物(PM2.5),217,200,163,167,131,8,,,,80,51,18,17,1.2,1.1
2026-02-05T0300,3036A,118.6903,37.4337,东营市,开发区管委会,细颗粒物(PM2.5),216,196,162,166,129,7,,,,94,47,12,14,1.2,1
2026-02-05T0300,3498A,118.5063,37.8606,东营市,河口城区,细颗粒物(PM2.5),231,237,172,181,131,20,,,,82,54,10,12,1.6,1.3
2026-02-05T0300,3646A,118.4979,37.4623,东营市,胜利站,细颗粒物(PM2.5),202,207,158,152,110,20,,,,92,61,21,14,1.6,1.3
2026-02-05T0300,1592A,109.9485,39.8259,鄂尔多斯市,巴音孟克林场办事处,颗粒物(PM10),63,75,98,17,25,55,,,,22,16,7,8,0.3,0.4
2026-02-05T0300,1594A,109.8121,39.5987,鄂尔多斯市,华泰汽车城,颗粒物(PM10),74,97,84,24,23,41,,,,17,22,5,6,0.3,0.5
2026-02-05T0300,2436A,114.894,30.3989,鄂州市,市政府,细颗粒物(PM2.5),68,60,80,49,55,11,,,,43,44,5,7,0.8,0.8
2026-02-05T0300,2437A,114.8986,30.3714,鄂州市,赵家坝,,,68,80,35,53,13,,,,35,35,8,9,,1.1
2026-02-05T0300,3654A,114.8093,30.4091,鄂州市,精准医疗中心,颗粒物(PM10),61,72,89,43,57,7,,,,45,49,12,21,0.9,0.8
2026-02-05T0300,2454A,109.4978,30.2979,恩施土家族苗族自治州,湖北民院,细颗粒物(PM2.5),132,121,116,100,75,2,,,,,21,6,6,1.2,1
2026-02-05T0300,3549A,109.5061,30.3771,恩施土家族苗族自治州,龙凤新区,细颗粒物(PM2.5),82,98,86,60,59,4,,,,8,24,7,7,0.8,0.8
2026-02-05T0300,2499A,108.3411,21.6159,防城港市,沙万,,50,50,47,27,27,34,,,,55,34,8,8,0.6,0.8
2026-02-05T0300,2500A,108.3515,21.7733,防城港市,防城档案局,,48,35,44,33,36,85,,,,9,14,4,5,0.7,0.8
2026-02-05T0300,2501A,108.3506,21.6414,防城港市,大海花园,,42,33,40,29,31,76,,,,30,24,7,7,0.8,0.9
2026-02-05T0300,1371A,113.1293,23.0065,佛山市,湾梁,颗粒物(PM10),52,53,66,32,35,53,,,,30,41,/,/,/,/
2026-02-05T0300,1372A,113.1082,23.0477,佛山市,华材职中,细颗粒物(PM2.5),65,51,67,47,55,75,,,,13,31,6,6,0.7,0.8
2026-02-05T0300,1373A,113.1439,23.045,佛山市,南海气象局,细颗粒物(PM2.5),53,45,56,37,42,57,,,,28,42,/,/,/,/
2026-02-05T0300,1376A,112.8384,22.8678,佛山市,高明孔堂,,47,47,54,23,37,36,,,,18,28,/,/,/,/
2026-02-05T0300,1377A,112.8835,23.1584,佛山市,三水监测站,细颗粒物(PM2.5),64,68,102,46,59,14,,,,66,78,2,4,0.6,0.7
2026-02-05T0300,1378A,112.8668,23.185,佛山市,三水云东海,细颗粒物(PM2.5),60,62,85,43,53,7,,,,49,62,/,/,/,/
2026-02-05T0300,1820A,114.361,36.0681,安阳市,银杏小区,细颗粒物(PM2.5),145,126,136,111,96,23,,,,45,45,6,9,1.0,1.1
2026-02-05T0300,3141A,114.3921,36.0879,安阳市,信访局,细颗粒物(PM2.5),107,130,137,80,100,43,,,,36,31,8,10,1.0,1
2026-02-05T0300,3669A,114.4706,36.0634,安阳市,左辅环卫站,细颗粒物(PM2.5),143,153,161,109,111,11,,,,78,42,8,10,0.8,0.9
2026-02-05T0300,4117A,114.2918,36.0769,安阳市,钢三路198号,细颗粒物(PM2.5),109,138,170,82,109,34,,,,34,37,6,10,0.9,1.1
2026-02-05T0300,1748A,123.0441,41.1201,鞍山市,深沟寺,细颗粒物(PM2.5),178,172,160,134,122,5,,,,72,55,20,15,2.2,1.8
2026-02-05T0300,1749A,123.011,41.0931,鞍山市,太阳城,细颗粒物(PM2.5),186,169,165,140,132,4,,,,73,56,62,23,2.6,1.9
2026-02-05T0300,1750A,123.0483,41.1445,鞍山市,太平,细颗粒物(PM2.5),169,156,190,128,133,4,,,,66,59,22,20,1.9,1.9
2026-02-05T0300,1751A,122.964,41.0968,鞍山市,铁西三道街,细颗粒物(PM2.5),172,156,192,130,143,10,,,,75,70,24,28,1.8,2.1
2026-02-05T0300,1753A,123.0219,41.0822,鞍山市,明达新区,细颗粒物(PM2.5),189,169,160,142,127,8,,,,58,49,17,17,1.8,1.9
2026-02-05T0300,4201A,122.944647,41.082639,鞍山市,兴盛南路290号,细颗粒物(PM2.5),169,154,196,128,144,2,,,,,73,21,25,1.6,1.9
2026-02-05T0300,2195A,107.4206,40.7609,巴彦淖尔市,附二中,颗粒物(PM10),70,89,92,15,25,67,,,,4,10,9,9,0.3,0.4
2026-02-05T0300,2196A,107.37,40.7372,巴彦淖尔市,市环保大楼,颗粒物(PM10),69,88,91,16,23,70,,,,4,10,6,6,0.3,0.3
2026-02-05T0300,1956A,86.1476,41.7529,巴音郭楞蒙古自治州,孔雀公园,细颗粒物(PM2.5),80,96,131,59,47,0,,,,75,36,9,9,1.0,0.8
2026-02-05T0300,1957A,86.1971,41.7166,巴音郭楞蒙古自治州,棉纺厂,颗粒物(PM10),150,249,184,54,42,11,,,,52,16,/,/,/,/
2026-02-05T0300,1958A,86.236,41.7172,巴音郭楞蒙古自治州,经济开发区,颗粒物(PM10),123,195,150,23,26,25,,,,31,22,6,6,0.6,0.5
2026-02-05T0300,3181A,106.776805,31.852614,巴中市,市五中,细颗粒物(PM2.5),95,99,97,71,68,2,,,,20,31,5,6,1.1,1.2
2026-02-05T0300,3183A,106.7419,31.8654,巴中市,圣泉水务公司,细颗粒物(PM2.5),87,84,84,64,65,3,,,,23,33,6,6,1.2,1.3
2026-02-05T0300,3616A,106.7617,31.8343,巴中市,市中心医院,细颗粒物(PM2.5),104,105,93,78,68,1,,,,23,33,5,6,1.4,1.3
2026-02-05T0300,2235A,122.7909,45.608,白城市,洮北区环保局,,33,33,30,20,14,31,,,,34,12,9,6,0.5,0.3
2026-02-05T0300,2232A,126.4082,41.9416,白山市,环保局,细颗粒物(PM2.5),132,101,85,100,82,38,,,,34,33,15,16,1.6,1.4
2026-02-05T0300,2647A,104.1727,36.5448,白银市,第三小学,细颗粒物(PM2.5),67,73,82,48,44,41,,,,38,38,115,43,1.5,1.1
2026-02-05T0300,2648A,104.1467,36.5482,白银市,动力公司,,39,39,73,27,39,45,,,,20,27,12,24,0.9,0.8
2026-02-05T0300,2512A,106.6102,23.901,百色市,市监测站,细颗粒物(PM2.5),75,,77,55,68,19,,,,16,24,8,15,0.9,1
2026-02-05T0300,2513A,106.6524,23.8842,百色市,市中心血站,细颗粒物(PM2.5),94,81,93,70,76,2,,,,41,31,8,14,1.1,1.1
2026-02-05T0300,4133A,106.6273,23.8798,百色市,龙景西路,细颗粒物(PM2.5),82,99,104,60,72,8,,,,31,29,8,16,0.7,0.8
2026-02-05T0300,2270A,117.396,32.9389,蚌埠市,工人疗养院,细颗粒物(PM2.5),105,115,110,79,71,29,,,,65,42,6,7,0.8,0.8
2026-02-05T0300,2271A,117.3606,32.9428,蚌埠市,百货大楼,细颗粒物(PM2.5),104,119,112,78,69,1,,,,89,45,5,6,1.0,0.8
2026-02-05T0300,2273A,117.4183,32.8909,蚌埠市,蚌埠学院,细颗粒物(PM2.5),93,97,95,69,63,29,,,,55,38,5,6,0.7,0.7
2026-02-05T0300,2274A,117.3534,32.9672,蚌埠市,淮上区政府,细颗粒物(PM2.5),112,114,108,84,75,50,,,,57,48,9,7,0.7,0.7
2026-02-05T0300,2275A,117.3143,32.8977,蚌埠市,高新区,细颗粒物(PM2.5),117,107,103,88,76,4,,,,62,45,7,8,0.7,0.7
2026-02-05T0300,3715A,117.3091,32.9314,蚌埠市,蚌埠田家炳中学,细颗粒物(PM2.5),118,126,116,89,76,15,,,,70,47,48,18,0.8,0.7
2026-02-05T0300,1585A,109.8761,40.6533,包头市,市环境监测站,颗粒物(PM10),71,91,84,10,33,65,,,,9,33,8,11,0.3,1
2026-02-05T0300,1587A,109.9992,40.5843,包头市,包头八中,颗粒物(PM10),51,52,102,8,49,72,,,,4,39,4,14,0.5,1.7
2026-02-05T0300,1589A,109.8641,40.6288,包头市,惠龙物流,颗粒物(PM10),57,64,82,10,32,70,,,,9,34,10,15,0.3,1.2
2026-02-05T0300,3283A,109.9154,40.5684,包头市,滨河大厦,,36,36,76,10,32,70,,,,7,39,7,11,0.4,1.1
2026-02-05T0300,3683A,109.8332,40.6577,包头市,昆区政府,,42,42,81,3,36,65,,,,9,34,8,15,0.4,1.2
2026-02-05T0300,1931A,107.0802,34.3129,宝鸡市,竹园沟,,47,47,61,22,31,28,,,,15,19,6,6,0.5,0.6
2026-02-05T0300,1933A,107.1429,34.3549,宝鸡市,监测站,细颗粒物(PM2.5),58,58,82,41,49,22,,,,31,32,5,6,0.5,0.6
2026-02-05T0300,1934A,107.1172,34.3759,宝鸡市,技工学校,细颗粒物(PM2.5),72,74,88,52,52,28,,,,21,24,7,5,0.7,0.7
2026-02-05T0300,1936A,107.2025,34.3518,宝鸡市,文理学院,细颗粒物(PM2.5),72,82,87,52,50,22,,,,32,32,4,5,0.9,0.9
2026-02-05T0300,1937A,107.2396,34.3626,宝鸡市,三迪小学,细颗粒物(PM2.5),73,92,102,53,56,14,,,,45,46,4,5,0.8,0.8
2026-02-05T0300,4155A,107.1721,34.3558,宝鸡市,滨河北路,细颗粒物(PM2.5),77,96,88,56,52,21,,,,24,30,5,6,0.6,0.7
2026-02-05T0300,4308A,107.3898,34.3601,宝鸡市,陈仓区北开路21号,细颗粒物(PM2.5),104,133,122,78,76,12,,,,56,40,,50,0.8,0.8
2026-02-05T0300,1052A,115.509,38.8895,保定市,华电二区,细颗粒物(PM2.5),137,139,119,104,100,3,,,,70,60,7,6,1.2,1.2
2026-02-05T0300,1053A,115.4588,38.9037,保定市,接待中心,细颗粒物(PM2.5),127,121,126,96,97,19,,,,46,49,7,7,0.8,0.8
2026-02-05T0300,1054A,115.4484,38.8344,保定市,地表水厂,细颗粒物(PM2.5),140,164,162,107,104,1,,,,80,65,12,10,1.0,1
2026-02-05T0300,3581A,115.3136,38.9511,保定市,满城区生态环境分局,细颗粒物(PM2.5),104,124,138,78,92,4,,,,70,47,6,8,1.0,1.1
2026-02-05T0300,3583A,115.6231,39.0223,保定市,徐水物探局,细颗粒物(PM2.5),148,182,175,113,108,2,,,,72,57,13,13,1.1,1
2026-02-05T0300,4004A,115.4199,38.8665,保定市,双鹰农机,细颗粒物(PM2.5),132,177,169,100,103,22,,,,59,62,12,12,1.0,1
2026-02-05T0300,4034A,115.515,38.8589,保定市,植保所站,细颗粒物(PM2.5),140,139,135,107,102,9,,,,74,68,7,6,1.4,1.2
2026-02-05T0300,2594A,99.1589,25.1137,保山市,市环境监测站,,26,26,27,13,17,65,,,,7,10,4,4,0.2,0.3
2026-02-05T0300,2595A,99.1616,25.1381,保山市,市环保局,,34,34,34,18,16,74,,,,4,8,3,3,0.4,0.5
2026-02-05T0300,1867A,109.1435,21.4085,北海市,海滩公园,颗粒物(PM10),55,60,46,28,19,77,,,,14,12,7,8,0.9,0.9
2026-02-05T0300,1868A,109.0983,21.466,北海市,新市环保局,,47,47,40,24,20,90,,,,10,15,6,7,0.5,0.5
2026-02-05T0300,1869A,109.1775,21.5232,北海市,北海工业园,颗粒物(PM10),53,56,58,30,27,72,,,,12,13,6,7,0.6,0.7
2026-02-05T0300,3400A,109.1844,21.4396,北海市,龙潭自来水厂,细颗粒物(PM2.5),52,49,41,36,24,72,,,,10,10,5,5,0.5,0.5
2026-02-05T0300,1001A,116.3611,39.8786,北京市,万寿西宫,,37,37,109,3,71,71,,,,15,59,3,5,0.4,0.8
2026-02-05T0300,1003A,116.4174,39.9289,北京市,东四,,33,33,104,13,64,66,,,,13,51,5,7,0.3,0.8
2026-02-05T0300,1004A,116.4073,39.8858,北京市,天坛,,33,33,102,11,67,71,,,,11,54,3,3,0.3,0.8
2026-02-05T0300,1005A,116.4622,39.9364,北京市,农展馆,,37,37,103,15,68,68,,,,11,46,4,6,0.3,0.8
2026-02-05T0300,1006A,116.3399,39.9293,北京市,官园,,36,36,104,10,64,70,,,,9,55,3,5,0.3,0.8
2026-02-05T0300,1007A,116.2879,39.9613,北京市,海淀万柳,,29,29,96,9,59,66,,,,13,65,2,4,0.3,0.8
2026-02-05T0300,1008A,116.6635,40.1349,北京市,顺义新城,细颗粒物(PM2.5),211,244,119,161,73,6,,,,62,53,6,7,1.8,0.9
2026-02-05T0300,1009A,116.6275,40.327,北京市,怀柔镇,细颗粒物(PM2.5),68,80,74,49,49,38,,,,24,34,5,5,0.7,0.7
2026-02-05T0300,1010A,116.2295,40.217,北京市,昌平镇,细颗粒物(PM2.5),77,97,80,56,45,22,,,,41,42,2,4,0.7,0.8
2026-02-05T0300,1011A,116.3968,39.982,北京市,奥体中心,,28,28,96,10,61,68,,,,17,59,5,6,0.2,0.7
2026-02-05T0300,3418A,116.8336,40.4095,北京市,密云新城,细颗粒物(PM2.5),78,95,93,57,60,16,,,,38,39,3,5,0.7,0.6
2026-02-05T0300,3671A,116.0879,39.9725,北京市,门头沟三家店,,42,42,80,16,44,45,,,,18,38,4,4,0.4,0.7
2026-02-05T0300,3672A,116.1507,39.8246,北京市,丰台云岗,,42,42,97,13,60,75,,,,12,54,3,5,0.4,0.7
2026-02-05T0300,3674A,115.9578,39.7602,北京市,房山燕山,,44,44,83,17,55,68,,,,10,36,6,6,0.4,0.9
2026-02-05T0300,3675A,116.4669,39.7734,北京市,大兴旧宫,细颗粒物(PM2.5),68,83,126,49,82,36,,,,44,66,4,5,0.5,1
2026-02-05T0300,3694A,115.9859,40.4562,北京市,延庆石河营,,49,49,67,18,38,47,,,,18,40,3,5,0.4,0.9
2026-02-05T0300,3695A,116.6151,40.3052,北京市,怀柔新城,细颗粒物(PM2.5),82,81,78,60,52,37,,,,16,27,3,4,0.6,0.6
2026-02-05T0300,3696A,116.2542,39.8764,北京市,丰台小屯,,49,49,115,21,68,47,,,,29,68,4,5,0.5,0.9
2026-02-05T0300,3697A,116.8399,40.3843,北京市,密云镇,细颗粒物(PM2.5),82,91,94,60,58,2,,,,58,50,3,4,0.7,0.8
2026-02-05T0300,4057A,115.9423,40.4431,北京市,延庆百泉,,31,31,61,8,35,71,,,,2,30,2,4,0.3,0.7
2026-02-05T0300,4058A,116.6598,39.9164,北京市,通州新华,细颗粒物(PM2.5),223,232,122,173,81,1,,,,66,59,4,11,2.0,1
2026-02-05T0300,4182A,116.1942,39.9158,北京市,石景山八角,,45,45,100,14,54,54,,,,21,60,3,3,0.2,0.6
2026-02-05T0300,4194A,117.078628,40.151726,北京市,平谷新城,细颗粒物(PM2.5),100,115,116,75,82,18,,,,37,39,4,4,0.9,1
2026-02-05T0300,1761A,123.8274146,41.31234549,本溪市,大峪,细颗粒物(PM2.5),120,132,127,91,82,,,,,42,40,9,10,1.0,1
2026-02-05T0300,1763A,123.7169,41.3094,本溪市,彩屯,细颗粒物(PM2.5),138,132,121,105,95,39,,,,32,39,12,19,1.1,2.8
2026-02-05T0300,1764A,123.7672166,41.28649327,本溪市,东明,细颗粒物(PM2.5),135,,81,103,107,74,,,,28,24,10,11,1.0,1
2026-02-05T0300,1765A,123.799345,41.266614,本溪市,新立屯,细颗粒物(PM2.5),125,,87,95,79,71,,,,30,24,10,11,0.9,1
2026-02-05T0300,1766A,123.829144,41.336777,本溪市,威宁,细颗粒物(PM2.5),113,129,110,85,77,18,,,,46,44,6,10,1.5,1.2
2026-02-05T0300,2587A,105.287,27.3133,毕节市,八中,,18,7,33,3,21,57,,,,7,11,8,10,0.8,0.9
2026-02-05T0300,2588A,105.3079,27.2987,毕节市,师专,,21,,27,10,18,66,,,,9,13,8,10,0.8,0.8
2026-02-05T0300,1629A,117.9961,37.3604,滨州市,第二水厂,细颗粒物(PM2.5),219,232,160,169,122,22,,,,78,50,14,15,1.2,1
2026-02-05T0300,1630A,117.9789,37.3931,滨州市,北中新校,细颗粒物(PM2.5),209,195,163,159,124,38,,,,51,35,11,12,1.2,1.1
2026-02-05T0300,3515A,117.9381509,37.35547456,滨州市,开发区一中,细颗粒物(PM2.5),212,210,172,162,123,2,,,,101,48,20,20,1.3,1.1
2026-02-05T0300,3516A,118.0914,37.6938,滨州市,金海六路,细颗粒物(PM2.5),226,220,183,176,151,11,,,,83,58,10,14,1.3,1.2
2026-02-05T0300,4028A,117.9955,37.3752,滨州市,滨州市西街道办事处,细颗粒物(PM2.5),201,190,159,151,117,13,,,,71,43,11,14,1.0,0.9
2026-02-05T0300,2311A,115.8071,33.8399,亳州市,污水处理厂,细颗粒物(PM2.5),139,135,116,106,84,29,,,,44,34,35,8,0.9,0.7
2026-02-05T0300,2312A,115.7789,33.8519,亳州市,三国揽胜宫,细颗粒物(PM2.5),128,151,131,97,82,66,,,,33,37,5,6,0.8,0.7
2026-02-05T0300,3332A,115.7631,33.803,亳州市,亳州学院,细颗粒物(PM2.5),139,146,119,106,82,62,,,,23,28,5,5,0.9,0.9
2026-02-05T0300,2693A,82.0482,44.8553,博尔塔拉蒙古自治州,市党校,,34,34,61,10,24,80,,,,8,16,3,4,0.6,0.4
2026-02-05T0300,2694A,82.0805,44.8966,博尔塔拉蒙古自治州,市环保局,颗粒物(PM10),55,60,80,16,40,53,,,,16,33,6,8,0.9,1.1
2026-02-05T0300,1071A,116.8733,38.2922,沧州市,沧县城建局,细颗粒物(PM2.5),226,180,156,176,129,12,,,,89,49,11,8,1.1,0.9
2026-02-05T0300,1072A,116.8462,38.3189,沧州市,电视转播站,细颗粒物(PM2.5),230,183,158,180,141,25,,,,67,42,6,6,1.2,0.9
2026-02-05T0300,1073A,116.8588,38.3161,沧州市,市环保局,细颗粒物(PM2.5),185,207,161,139,120,29,,,,60,41,12,9,1.2,1
2026-02-05T0300,3324A,116.8011,38.294,沧州市,河北水利电力学院,细颗粒物(PM2.5),222,217,173,172,135,28,,,,64,38,13,10,1.2,0.9
2026-02-05T0300,2692A,87.2722,44.0298,昌吉回族自治州,新区政务中心,细颗粒物(PM2.5),85,103,105,63,78,33,,,,49,40,8,8,1.6,1.3
2026-02-05T0300,3613A,87.3069,44.0093,昌吉回族自治州,亚心广场,细颗粒物(PM2.5),160,153,107,122,81,43,,,,38,34,8,9,1.3,1.1
2026-02-05T0300,4164A,87.2057,43.9289,昌吉回族自治州,财政所,,29,,84,20,61,56,,,,21,12,5,6,0.6,0.8
2026-02-05T0300,1120A,125.2874,43.9024,长春市,客车厂,细颗粒物(PM2.5),69,,68,50,60,47,,,,45,42,10,11,0.7,0.8
2026-02-05T0300,1121A,125.2943,43.8508,长春市,邮电学院,细颗粒物(PM2.5),63,48,74,45,64,57,,,,24,31,10,11,0.5,0.8
2026-02-05T0300,1122A,125.3648,43.8745,长春市,劳动公园,细颗粒物(PM2.5),68,71,97,49,65,56,,,,26,34,6,7,0.8,1
2026-02-05T0300,1123A,125.3233,43.8781,长春市,园林处,细颗粒物(PM2.5),72,56,74,52,67,58,,,,22,28,11,11,0.6,0.8
2026-02-05T0300,1124A,125.4604,43.7904,长春市,净月潭,细颗粒物(PM2.5),69,63,79,50,64,38,,,,36,28,6,7,0.7,0.8
2026-02-05T0300,1126A,125.38,43.8422,长春市,经开区环卫处,细颗粒物(PM2.5),67,58,82,48,63,58,,,,25,33,6,7,0.6,0.7
2026-02-05T0300,1127A,125.234,43.7761,长春市,高新区管委会,细颗粒物(PM2.5),67,58,78,48,62,42,,,,38,40,10,9,0.6,0.8
2026-02-05T0300,1128A,125.1695,43.83,长春市,岱山公园,细颗粒物(PM2.5),60,58,74,43,64,44,,,,45,44,7,8,0.4,0.6
2026-02-05T0300,1335A,113.082,28.2421,长沙市,经开区环保局,细颗粒物(PM2.5),107,124,91,80,55,1,,,,50,45,5,5,0.8,0.8
2026-02-05T0300,1336A,112.8873,28.2202,长沙市,高开区环保局,细颗粒物(PM2.5),115,102,102,87,66,1,,,,45,54,7,6,1.0,1.1
2026-02-05T0300,1337A,113.0785,28.2012,长沙市,马坡岭,细颗粒物(PM2.5),113,125,99,85,59,5,,,,52,44,5,6,1.0,1
2026-02-05T0300,1338A,112.9448,28.1894,长沙市,湖南师范大学,细颗粒物(PM2.5),103,132,103,77,57,3,,,,51,52,6,5,1.0,1.1
2026-02-05T0300,1339A,113.0177,28.1322,长沙市,雨花区环保局,细颗粒物(PM2.5),105,120,92,79,54,0,,,,60,57,8,9,1.1,0.9
2026-02-05T0300,1340A,112.9795,28.2593,长沙市,伍家岭,细颗粒物(PM2.5),109,126,115,82,64,0,,,,51,51,7,6,0.9,0.9
2026-02-05T0300,1341A,113.002,28.1944,长沙市,火车新站,细颗粒物(PM2.5),109,125,104,82,62,5,,,,58,57,3,4,1.2,1.1
2026-02-05T0300,1342A,112.9846,28.1177,长沙市,天心区环保局,细颗粒物(PM2.5),113,120,95,85,60,1,,,,55,55,7,7,0.8,0.8
2026-02-05T0300,1343A,112.8906,28.1307,长沙市,湖南中医药大学,细颗粒物(PM2.5),102,111,105,76,58,4,,,,50,58,8,7,1.0,1
2026-02-05T0300,1730A,113.0887,36.2126,长治市,审计局,细颗粒物(PM2.5),77,76,77,56,51,39,,,,37,29,14,14,0.8,0.8
2026-02-05T0300,1731A,113.0845,36.1856,长治市,长治八中,细颗粒物(PM2.5),77,94,94,56,55,25,,,,37,30,15,15,0.9,1
2026-02-05T0300,2845A,113.1561,36.1912,长治市,德盛苑,细颗粒物(PM2.5),62,63,62,44,49,72,,,,18,18,17,14,1.1,0.9
2026-02-05T0300,3568A,113.0603,36.0464,长治市,向阳小学,颗粒物(PM10),77,104,97,50,50,45,,,,34,33,24,16,0.9,0.9
2026-02-05T0300,4189A,113.113092,36.199482,长治市,英华南巷50号,,,83,81,50,52,39,,,,32,33,,14,1.1,1
2026-02-05T0300,4190A,113.23666,36.33435,长治市,学府街1号,"颗粒物(PM10),细颗粒物(PM2.5)",74,97,90,54,57,17,,,,71,50,17,18,1.0,1.2
2026-02-05T0300,1854A,111.696,28.9725,常德市,市二中,细颗粒物(PM2.5),134,147,137,102,95,17,,,,24,30,5,6,1.3,1.3
2026-02-05T0300,3138A,111.7152,29.0288,常德市,武陵区永安,细颗粒物(PM2.5),139,141,142,106,100,18,,,,32,32,4,6,1.3,1.3
2026-02-05T0300,3139A,111.6891,28.9881,常德市,鼎城区玉霞,细颗粒物(PM2.5),133,141,136,101,96,9,,,,33,33,7,8,1.3,1.2
2026-02-05T0300,3140A,111.6651,29.0526,常德市,武陵区长庚,细颗粒物(PM2.5),143,132,129,109,100,17,,,,27,31,4,5,1.0,1
2026-02-05T0300,1196A,119.9524,31.7586,常州市,市监测站,细颗粒物(PM2.5),87,91,92,64,61,27,,,,59,50,7,9,0.6,0.7
2026-02-05T0300,3002A,119.9701,31.813,常州市,行政中心,细颗粒物(PM2.5),88,87,94,65,65,40,,,,45,43,6,8,0.8,0.8
2026-02-05T0300,3003A,120.0434,31.7726,常州市,经开区,细颗粒物(PM2.5),89,105,98,66,57,48,,,,34,37,5,7,0.7,0.9
2026-02-05T0300,3010A,119.8919,31.7892,常州市,钟楼,细颗粒物(PM2.5),88,94,89,65,59,31,,,,63,43,7,9,0.6,0.7
2026-02-05T0300,3429A,119.8595,31.706,常州市,武进经发区,细颗粒物(PM2.5),95,92,85,71,65,46,,,,41,40,6,8,0.9,1
2026-02-05T0300,3430A,119.5812,31.7256,常州市,金坛城区,细颗粒物(PM2.5),113,114,90,85,68,24,,,,58,32,8,10,0.8,0.7
2026-02-05T0300,4089A,119.9551,31.863,常州市,崇义南街5-H号,细颗粒物(PM2.5),100,94,95,75,66,19,,,,68,51,6,8,0.9,0.9
2026-02-05T0300,2220A,120.4318,41.588,朝阳市,西梁,细颗粒物(PM2.5),75,92,61,55,33,17,,,,47,33,18,14,0.9,0.7
2026-02-05T0300,2221A,120.452,41.565,朝阳市,河畔小区,细颗粒物(PM2.5),78,97,50,57,30,8,,,,44,23,19,14,1.2,0.7
2026-02-05T0300,2222A,120.4176,41.5648,朝阳市,八里堡,颗粒物(PM10),72,93,57,47,37,9,,,,54,33,18,14,1.0,0.8
2026-02-05T0300,3026A,116.6179,23.6608,潮州市,市政府,细颗粒物(PM2.5),78,65,72,57,44,36,,,,27,19,15,9,0.6,0.6
2026-02-05T0300,4036A,116.646,23.676,潮州市,金山,细颗粒物(PM2.5),58,55,61,41,40,36,,,,18,19,3,4,0.6,0.6
2026-02-05T0300,2473A,113.0116,25.8228,郴州市,市职中,细颗粒物(PM2.5),95,77,54,71,42,47,,,,19,25,10,9,0.8,0.7
2026-02-05T0300,2475A,113.0381,25.8074,郴州市,市审计局,细颗粒物(PM2.5),87,80,56,64,39,25,,,,31,35,3,4,/,/
2026-02-05T0300,2476A,113.0348,25.7757,郴州市,市环保局,细颗粒物(PM2.5),110,92,62,83,42,42,,,,30,34,12,8,0.7,0.5
2026-02-05T0300,4252A,113.0138,25.8011,郴州市,好美居路49号,细颗粒物(PM2.5),89,72,49,66,32,49,,,,25,25,9,7,/,/
2026-02-05T0300,1431A,103.9727,30.7242,成都市,金泉两河,细颗粒物(PM2.5),115,123,101,87,70,1,,,,68,49,2,2,1.8,1.2
2026-02-05T0300,1432A,104.1423,30.6765,成都市,十里店,细颗粒物(PM2.5),112,147,124,84,72,8,,,,72,52,3,4,1.1,0.9
2026-02-05T0300,1433A,104.0594,30.5765,成都市,三瓦窑,细颗粒物(PM2.5),123,132,125,93,79,1,,,,68,60,5,4,1.3,1.3
2026-02-05T0300,1434A,104.1122,30.6306,成都市,沙河铺,细颗粒物(PM2.5),118,124,116,89,74,5,,,,66,54,3,3,1.1,1
2026-02-05T0300,2880A,104.0219,30.6561,成都市,大石西路,细颗粒物(PM2.5),149,141,120,114,84,3,,,,65,45,5,5,1.2,1.1
2026-02-05T0300,3136A,104.2724,30.559,成都市,龙泉驿区区政府,细颗粒物(PM2.5),103,95,95,77,72,42,,,,20,24,6,6,0.9,1
2026-02-05T0300,3357A,104.0028,30.6891,成都市,金博路,细颗粒物(PM2.5),125,132,107,95,76,2,,,,75,52,4,4,1.3,1.1
2026-02-05T0300,3488A,104.387954,30.746684,成都市,青石路225号,细颗粒物(PM2.5),119,116,113,90,75,17,,,,57,47,1,2,1.2,1.2
2026-02-05T0300,3489A,104.0788,30.4054,成都市,科学城,细颗粒物(PM2.5),80,87,107,59,78,3,,,,33,32,6,7,1.2,1.1
2026-02-05T0300,4144A,104.3257,30.6406,成都市,八角井街185号,细颗粒物(PM2.5),107,116,110,80,71,37,,,,30,31,2,4,0.8,0.8
2026-02-05T0300,4224A,104.2433276,30.53529463,成都市,鲸龙路1057号,细颗粒物(PM2.5),100,111,106,75,71,22,,,,42,37,5,5,0.9,1
2026-02-05T0300,1062A,117.9531,40.908,承德市,铁路,细颗粒物(PM2.5),99,99,94,74,62,15,,,,40,44,5,10,1.4,1.2
2026-02-05T0300,1063A,117.9397,40.9763,承德市,中国银行,,,107,93,64,55,5,,,,53,46,,7,1.3,1.3
2026-02-05T0300,4073A,117.9462,40.95,承德市,杏林街1号,细颗粒物(PM2.5),97,101,88,72,58,5,,,,48,41,5,9,1.4,1.3
2026-02-05T0300,2314A,117.4698,30.6617,池州市,池州学院,细颗粒物(PM2.5),60,57,68,43,49,29,,,,29,31,4,9,1.1,1.2
2026-02-05T0300,3237A,117.4918,30.6617,池州市,展览馆,细颗粒物(PM2.5),62,64,74,44,49,8,,,,36,30,2,7,0.9,1
2026-02-05T0300,3333A,117.5626,30.695,池州市,第八中学,细颗粒物(PM2.5),62,65,69,44,43,12,,,,34,29,3,7,0.8,0.9
2026-02-05T0300,3334A,117.5037,30.6242,池州市,第十二中学,细颗粒物(PM2.5),54,52,76,38,45,1,,,,49,38,4,6,1.1,1.1
2026-02-05T0300,1744A,118.9229,42.2816,赤峰市,松山一中,颗粒物(PM10),51,52,45,21,23,51,,,,15,39,4,13,0.7,1.1
2026-02-05T0300,1745A,118.9588,42.2733,赤峰市,哈达街,,,,47,,23,40,,,,27,35,,43,,1.2
2026-02-05T0300,1746A,118.8792,42.2551,赤峰市,天义路,,42,42,34,17,21,62,,,,9,40,5,39,0.4,0.8
2026-02-05T0300,3058A,119.2656,42.0356,赤峰市,银河街,颗粒物(PM10),69,88,48,26,21,50,,,,19,11,19,16,0.8,0.8
2026-02-05T0300,2521A,107.3473,22.4137,崇左市,市环保局江州分局,细颗粒物(PM2.5),97,85,93,72,75,27,,,,25,25,4,5,1.0,1
2026-02-05T0300,4256A,107.375,22.3736,崇左市,石景林东路7号,细颗粒物(PM2.5),72,52,81,52,76,36,,,,17,26,2,5,0.7,0.9
2026-02-05T0300,3207A,118.31131,32.3033,滁州市,市政府原办公楼,细颗粒物(PM2.5),75,66,84,55,66,21,,,,49,43,4,5,0.4,0.6
2026-02-05T0300,4101A,118.3196,32.3335,滁州市,银山路666号,细颗粒物(PM2.5),74,59,75,54,67,2,,,,53,33,12,14,0.6,0.7
2026-02-05T0300,4102A,118.3426,32.2979,滁州市,黄山路555号,颗粒物(PM10),65,80,101,43,67,6,,,,70,52,4,6,0.5,0.6
2026-02-05T0300,2606A,101.5379,25.0492,楚雄彝族自治州,市经济开发区,,30,30,27,21,19,16,,,,60,27,2,4,0.5,0.5
2026-02-05T0300,4153A,101.5536,25.0343,楚雄彝族自治州,团结路562号,,26,26,26,15,16,45,,,,11,12,4,4,0.5,0.5
2026-02-05T0300,2550A,107.4988,31.2132,达州市,凤凰小区,细颗粒物(PM2.5),145,146,126,111,80,3,,,,35,48,6,9,0.8,0.9
2026-02-05T0300,2552A,107.4644,31.2124,达州市,市政中心,细颗粒物(PM2.5),134,133,132,102,74,3,,,,38,52,5,8,1.0,1.1
2026-02-05T0300,2614A,100.2168,25.5818,大理白族自治州,大理市环境监测站,,22,20,22,13,14,69,,,,9,9,7,7,0.4,0.4
2026-02-05T0300,1109A,121.6119,38.974,大连市,甘井子,细颗粒物(PM2.5),202,202,179,152,134,0,,,,68,62,6,13,0.9,0.7
2026-02-05T0300,1110A,121.565,38.9509,大连市,周水子,细颗粒物(PM2.5),223,206,166,173,133,2,,,,71,55,11,12,1.7,1.7
2026-02-05T0300,1111A,121.5637,38.8849,大连市,星海三站,细颗粒物(PM2.5),170,149,146,129,127,23,,,,34,32,5,7,1.1,1.1
2026-02-05T0300,1112A,121.6301,38.9117,大连市,青泥洼桥,细颗粒物(PM2.5),169,167,152,128,125,9,,,,61,42,8,11,1.4,1.1
2026-02-05T0300,1113A,121.6248,38.8643,大连市,傅家庄,颗粒物(PM10),138,226,166,76,115,10,,,,61,35,8,10,1.4,1.2
2026-02-05T0300,1114A,121.5117,38.8636,大连市,七贤岭,细颗粒物(PM2.5),176,165,156,133,124,66,,,,26,33,14,14,1.0,1
2026-02-05T0300,1116A,121.7507,39.1339,大连市,金州,颗粒物(PM10),167,283,190,63,110,9,,,,56,41,9,14,1.1,1
2026-02-05T0300,1117A,121.7811,39.0495,大连市,开发区,细颗粒物(PM2.5),117,147,152,88,116,2,,,,54,42,8,8,1.3,1
2026-02-05T0300,1118A,121.9762,39.0631,大连市,双D港,颗粒物(PM10),66,81,120,45,100,38,,,,31,37,10,12,1.4,1.1
2026-02-05T0300,4082A,121.2548,38.8188,大连市,旅顺,细颗粒物(PM2.5),118,141,169,89,129,7,,,,36,32,7,10,1.5,1.1
2026-02-05T0300,1789A,124.8085,46.0381,大庆市,大同区,,46,44,32,32,17,48,,,,18,11,7,7,0.6,0.4
2026-02-05T0300,1790A,125.1166,46.5255,大庆市,龙凤区,,38,38,33,23,17,58,,,,15,18,7,8,0.6,0.6
2026-02-05T0300,1792A,125.1391,46.578,大庆市,萨尔图区,,25,25,31,16,14,59,,,,11,21,8,9,0.3,0.4
2026-02-05T0300,3481A,125.127,46.6277,大庆市,萨区政府监测点,,31,31,34,12,15,67,,,,2,10,7,8,0.6,0.6
2026-02-05T0300,1723A,113.2926,40.0759,大同市,云冈宾馆,,40,40,79,19,28,53,,,,12,35,7,10,0.7,1
2026-02-05T0300,1724A,113.3437,40.0921,大同市,大同大学,颗粒物(PM10),59,67,81,12,27,62,,,,6,30,6,13,0.4,0.8
2026-02-05T0300,1725A,113.2637,40.129,大同市,安家小村,,,74,97,21,35,51,,,,14,36,,16,0.4,2.5
2026-02-05T0300,3282A,113.3399,40.0586,大同市,大同市卫生学校,颗粒物(PM10),59,68,83,11,28,71,,,,9,35,4,10,0.4,0.8
2026-02-05T0300,3565A,113.1371,40.1122,大同市,云冈站,颗粒物(PM10),62,73,70,19,22,56,,,,12,33,7,19,0.7,0.7
2026-02-05T0300,3566A,113.1186,40.2556,大同市,图书馆,颗粒物(PM10),61,71,65,22,27,54,,,,14,16,6,8,0.7,0.8
2026-02-05T0300,3567A,113.5931,40.0459,大同市,区一中,颗粒物(PM10),380,484,216,41,58,23,,,,49,44,13,24,1.0,1
2026-02-05T0300,4199A,113.2798248,40.09972476,大同市,魏都大道141号,颗粒物(PM10),65,80,100,10,35,63,,,,8,42,5,11,0.6,1.5
2026-02-05T0300,2269A,124.1068,50.4091,大兴安岭地区,科技局,,21,21,26,7,13,64,,,,2,5,5,6,0.2,0.2
2026-02-05T0300,3663A,124.117,50.4279,大兴安岭地区,红旗社区,,24,,28,10,20,76,,,,1,17,5,7,0.1,0.3
2026-02-05T0300,1600A,124.33,40.0625,丹东市,江湾东路,细颗粒物(PM2.5),100,105,101,75,73,56,,,,22,21,16,12,1.2,1.1
2026-02-05T0300,1601A,124.4242,40.1513,丹东市,临江后街,细颗粒物(PM2.5),144,139,117,110,92,28,,,,36,33,12,14,1.9,1.2
2026-02-05T0300,1602A,124.3935,40.1461,丹东市,元宝山,细颗粒物(PM2.5),94,100,102,70,71,59,,,,22,25,11,13,0.9,1.1
2026-02-05T0300,1603A,124.3634,40.1093,丹东市,民主桥,细颗粒物(PM2.5),104,102,115,78,83,60,,,,17,36,12,16,0.9,1.3
2026-02-05T0300,3541A,109.5726195,19.51688767,儋州市,第一中学子站,,42,40,30,29,14,50,,,,7,6,9,5,0.7,0.7
2026-02-05T0300,3542A,109.5567,19.5187,儋州市,东坡学校子站,,35,35,28,18,13,57,,,,8,7,4,6,0.6,0.6
2026-02-05T0300,2616A,98.5611,24.4273,德宏傣族景颇族自治州,德宏州监测站,细颗粒物(PM2.5),79,77,67,58,48,8,,,,45,28,6,7,1.2,1.1
2026-02-05T0300,3677A,98.5887,24.4366,德宏傣族景颇族自治州,芒市人民政府综合楼,,49,49,69,33,40,38,,,,11,18,4,4,0.8,0.9
2026-02-05T0300,1901A,104.424,31.1209,德阳市,东山公园,细颗粒物(PM2.5),112,87,88,84,79,66,,,,11,23,1,2,0.9,0.9
2026-02-05T0300,1904A,104.3553,31.1091,德阳市,耐火材料厂,细颗粒物(PM2.5),132,103,103,100,87,3,,,,62,47,2,4,1.0,1
2026-02-05T0300,4145A,104.4144,31.1495,德阳市,市林业局,细颗粒物(PM2.5),113,94,99,85,77,16,,,,46,49,4,5,0.9,1
2026-02-05T0300,1622A,116.3034,37.4675,德州市,儿童乐园,细颗粒物(PM2.5),196,202,169,147,117,48,,,,54,44,18,16,1.5,1.4
2026-02-05T0300,1624A,116.2992,37.4449,德州市,监理站,细颗粒物(PM2.5),189,202,174,142,116,56,,,,57,55,18,15,1.2,1.1
2026-02-05T0300,3066A,116.2722,37.438,德州市,九衢泉纯净水厂,细颗粒物(PM2.5),214,210,177,164,131,11,,,,94,64,11,11,1.3,1.1
2026-02-05T0300,3511A,116.5687,37.3331,德州市,陵城艺术中心,细颗粒物(PM2.5),196,185,159,147,119,49,,,,51,52,19,17,1.5,1.4
2026-02-05T0300,4292A,116.352738,37.420875,德州市,新河东路,细颗粒物(PM2.5),193,202,164,145,112,23,,,,75,58,14,15,1.3,1.1
2026-02-05T0300,2621A,99.7054,27.8319,迪庆藏族自治州,迪庆州站,,21,21,19,11,10,61,,,,6,7,5,5,0.6,0.6
2026-02-05T0300,3180A,99.7122,27.8129,迪庆藏族自治州,质量技术监督局,,21,13,18,6,9,67,,,,6,9,4,4,0.4,0.4
2026-02-05T0300,1282A,119.2681,26.0506,福州市,师大,,34,34,45,15,22,63,,,,22,22,4,4,0.4,0.5
2026-02-05T0300,1283A,119.2983,26.1028,福州市,五四北路,,33,33,40,19,23,60,,,,18,23,5,5,0.5,0.6
2026-02-05T0300,1284A,119.2648,26.0769,福州市,杨桥西路,,31,31,41,16,21,61,,,,20,21,4,5,/,/
2026-02-05T0300,3048A,119.5799,26.0937,福州市,九龙,,41,41,36,24,19,15,,,,44,22,4,4,0.7,0.6
2026-02-05T0300,3526A,119.5188,25.9666,福州市,吴航,,25,25,38,13,21,47,,,,23,26,4,5,0.5,0.7
2026-02-05T0300,4104A,119.3106,26.0648,福州市,路通桥巷6号,,40,40,44,18,24,59,,,,17,21,/,/,/,/
2026-02-05T0300,1755A,123.7974,41.8494,抚顺市,望花区,细颗粒物(PM2.5),192,170,144,144,118,4,,,,80,66,18,23,1.5,1.4
2026-02-05T0300,1756A,123.9161,41.8827,抚顺市,顺城区,细颗粒物(PM2.5),166,144,155,126,135,6,,,,62,70,16,20,1.3,1.7
2026-02-05T0300,1757A,124.0437,41.8615,抚顺市,东洲区,颗粒物(PM10),132,214,172,,121,2,,,,69,62,18,23,2.0,1.4
2026-02-05T0300,1758A,123.9246,41.8638,抚顺市,新抚区,细颗粒物(PM2.5),180,202,164,136,131,6,,,,70,76,10,13,1.5,1.7
2026-02-05T0300,1759A,124.0972,41.8961,抚顺市,大伙房水库,细颗粒物(PM2.5),196,191,142,147,114,1,,,,74,63,15,15,2.0,1.6
2026-02-05T0300,1760A,123.708,41.8386,抚顺市,沈抚新城,细颗粒物(PM2.5),215,184,140,165,107,22,,,,74,75,12,14,1.2,1.3
2026-02-05T0300,2377A,116.3544,27.9833,抚州市,市站,细颗粒物(PM2.5),83,73,68,61,50,59,,,,20,23,7,10,1.2,1.2
2026-02-05T0300,2378A,116.3562,27.9631,抚州市,血防站,细颗粒物(PM2.5),84,81,67,62,50,56,,,,17,29,7,9,0.9,1.3
2026-02-05T0300,2380A,116.3854,27.9648,抚州市,医学分院,细颗粒物(PM2.5),77,80,74,56,47,52,,,,20,24,7,10,1.2,1.1
2026-02-05T0300,2207A,121.6095,41.9978,阜新市,工业园区,细颗粒物(PM2.5),72,86,84,52,43,19,,,,31,32,9,16,0.9,0.8
2026-02-05T0300,2208A,121.6567,42.0188,阜新市,长青街,细颗粒物(PM2.5),72,64,51,52,36,31,,,,31,25,12,12,0.8,0.7
2026-02-05T0300,2211A,121.6343,42.0455,阜新市,玉龙新城,颗粒物(PM10),67,83,72,46,35,10,,,,56,31,10,12,0.9,0.7
2026-02-05T0300,2301A,115.8276,32.8929,阜阳市,市监测站,细颗粒物(PM2.5),110,116,119,83,73,50,,,,30,35,5,5,0.9,0.9
2026-02-05T0300,2303A,115.8551,32.8606,阜阳市,开发区,细颗粒物(PM2.5),114,128,115,86,68,52,,,,38,39,6,6,0.7,0.6
2026-02-05T0300,2875A,115.783962,32.889217,阜阳市,阜阳职业技术学院,细颗粒物(PM2.5),95,103,97,71,61,62,,,,27,27,6,7,0.7,0.7
2026-02-05T0300,3468A,115.79,32.8614,阜阳市,市规划展馆,细颗粒物(PM2.5),104,120,105,78,67,60,,,,30,23,7,7,0.9,0.9
2026-02-05T0300,3469A,115.835101,32.918568,阜阳市,枣园社区,细颗粒物(PM2.5),99,133,113,74,68,48,,,,39,39,6,7,0.9,0.8
2026-02-05T0300,2669A,102.9097,34.9841,甘南藏族自治州,州政府,细颗粒物(PM2.5),55,56,70,39,52,38,,,,23,23,8,9,0.8,0.8
2026-02-05T0300,3380A,102.8915,34.9618,甘南藏族自治州,甘肃民族师范学院,颗粒物(PM10),55,59,77,30,40,41,,,,25,29,9,11,0.5,0.5
2026-02-05T0300,2570A,101.96,30.048,甘孜藏族自治州,水桥子,,19,12,14,8,11,60,,,,10,14,6,7,1.0,0.9
2026-02-05T0300,2364A,114.946,25.8483,赣州市,气象台,颗粒物(PM10),57,63,54,18,29,32,,,,44,40,7,9,0.4,0.5
2026-02-05T0300,2365A,114.932,25.8332,赣州市,市图书馆,颗粒物(PM10),52,53,53,20,27,19,,,,57,41,3,6,1.0,1
2026-02-05T0300,3109A,115.0094,25.8614,赣州市,赣县区卫计委,,32,32,52,22,27,24,,,,37,32,8,8,0.8,0.8
2026-02-05T0300,2685A,106.2384,36.0189,固原市,新区,颗粒物(PM10),56,62,78,33,34,7,,,,52,43,7,8,1.4,1.1
2026-02-05T0300,2544A,106.6307,30.4577,广安市,市委,细颗粒物(PM2.5),123,110,102,93,73,13,,,,33,35,6,7,1.0,1
2026-02-05T0300,2547A,106.6386,30.4551,广安市,广电花园,细颗粒物(PM2.5),127,102,90,96,76,18,,,,22,29,6,7,0.9,0.9
2026-02-05T0300,2902A,106.6347,30.4868,广安市,北辰小学,细颗粒物(PM2.5),129,98,94,98,73,12,,,,19,21,7,8,0.9,0.9
2026-02-05T0300,2524A,105.8211,32.4444,广元市,老城,细颗粒物(PM2.5),67,80,92,48,58,5,,,,42,47,8,12,1.0,1.2
2026-02-05T0300,2526A,105.8629,32.429,广元市,监测站,细颗粒物(PM2.5),74,64,79,54,56,7,,,,30,38,6,8,1.3,1.3
2026-02-05T0300,3617A,105.8047,32.4167,广元市,经开区,细颗粒物(PM2.5),80,90,91,59,59,1,,,,42,46,4,6,1.5,1.3
2026-02-05T0300,1345A,113.2346,23.1423,广州市,广雅中学,颗粒物(PM10),64,78,66,39,36,32,,,,51,44,7,3,1.0,1.1
2026-02-05T0300,1346A,113.2611,23.105,广州市,市五中,颗粒物(PM10),64,78,68,43,35,14,,,,68,44,6,8,/,/
2026-02-05T0300,1348A,113.3477,23.0916,广州市,广东商学院,细颗粒物(PM2.5),62,72,65,44,43,1,,,,83,57,5,7,0.7,0.7
2026-02-05T0300,1349A,113.4332,23.105,广州市,市八十六中,颗粒物(PM10),51,51,57,23,32,18,,,,76,68,8,9,/,/
2026-02-05T0300,1350A,113.3506,22.9488,广州市,番禺中学,颗粒物(PM10),80,109,91,29,34,29,,,,50,39,2,3,0.8,0.8
2026-02-05T0300,1351A,113.2147,23.3918,广州市,花都师范,颗粒物(PM10),76,102,87,53,48,5,,,,116,76,7,6,1.0,0.8
2026-02-05T0300,1352A,113.2599,23.1329,广州市,市监测站,颗粒物(PM10),63,76,69,44,39,20,,,,61,40,2,3,/,/
2026-02-05T0300,1353A,113.5618,23.3119,广州市,九龙镇镇龙,颗粒物(PM10),62,73,72,43,41,13,,,,48,46,4,5,0.7,0.7
2026-02-05T0300,1354A,113.2764,23.1544,广州市,麓湖,颗粒物(PM10),63,75,63,44,37,2,,,,90,59,4,4,0.9,0.8
2026-02-05T0300,2846A,113.3209,23.1323,广州市,体育西,颗粒物(PM10),63,76,71,41,38,18,,,,64,48,6,7,0.8,0.9
2026-02-05T0300,3298A,113.5718,23.5493,广州市,从化街口,细颗粒物(PM2.5),60,62,64,43,44,0,,,,58,44,6,6,0.8,0.8
2026-02-05T0300,3299A,113.3463,23.369,广州市,白云竹料,颗粒物(PM10),66,81,87,44,48,6,,,,85,62,4,4,0.8,0.8
2026-02-05T0300,3300A,113.2981,23.2365,广州市,白云嘉禾,细颗粒物(PM2.5),80,108,79,59,43,0,,,,87,63,5,5,/,/
2026-02-05T0300,3301A,113.4256,23.1716,广州市,黄埔科学城,细颗粒物(PM2.5),72,90,65,52,41,0,,,,85,56,4,3,0.8,0.7
2026-02-05T0300,3302A,113.3942,23.0485,广州市,番禺大学城,颗粒物(PM10),76,101,91,52,42,18,,,,72,41,8,10,0.6,0.6
2026-02-05T0300,3303A,113.4923,22.8169,广州市,南沙黄阁,颗粒物(PM10),52,54,59,28,36,59,,,,29,34,4,4,/,/
2026-02-05T0300,3304A,113.534,22.7893,广州市,南沙街,颗粒物(PM10),52,54,59,27,33,65,,,,30,33,3,3,0.5,0.6
2026-02-05T0300,3443A,113.2905,23.5541,广州市,花都梯面,颗粒物(PM10),58,65,69,35,40,0,,,,58,41,4,5,/,/
2026-02-05T0300,3445A,113.786,23.7479,广州市,从化良口,,30,28,33,21,25,23,,,,20,22,7,7,/,/
2026-02-05T0300,3446A,113.805,23.2614,广州市,增城荔城,颗粒物(PM10),59,68,60,37,34,22,,,,31,29,5,6,0.6,0.6
2026-02-05T0300,2506A,109.604387,23.066791,贵港市,江南子站,细颗粒物(PM2.5),72,80,95,52,59,46,,,,27,32,5,7,0.8,0.9
2026-02-05T0300,2508A,109.5669,23.1065,贵港市,荷城子站,细颗粒物(PM2.5),54,53,85,38,49,56,,,,21,43,7,8,1.0,1.2
2026-02-05T0300,3405A,109.5886,23.1172,贵港市,新世纪学校,细颗粒物(PM2.5),82,70,101,60,64,53,,,,34,45,/,/,0.6,0.8
2026-02-05T0300,4260A,109.5933,23.095,贵港市,中山路155-3号,细颗粒物(PM2.5),72,62,76,52,60,54,,,,24,32,/,/,0.9,1
2026-02-05T0300,1441A,106.6241,26.6266,贵阳市,鉴湖路,,16,14,30,11,19,29,,,,12,22,2,3,0.6,0.7
2026-02-05T0300,1442A,106.7468,26.6344,贵阳市,燕子冲,,38,36,33,26,25,21,,,,16,20,6,9,0.7,0.7
2026-02-05T0300,1443A,106.6556,26.4362,贵阳市,碧云窝,,34,34,40,17,25,23,,,,16,19,14,17,/,/
2026-02-05T0300,1445A,106.6963,26.6063,贵阳市,红边门,,,19,37,18,29,,,,,13,29,21,14,/,/
2026-02-05T0300,4231A,106.687268,26.516892,贵阳市,漓江路57号,,26,19,37,18,27,17,,,,19,28,6,10,0.8,0.9
2026-02-05T0300,1864A,110.3091,25.2705,桂林市,龙隐路小学,细颗粒物(PM2.5),140,117,102,107,89,2,,,,40,43,7,15,1.0,1
2026-02-05T0300,1865A,110.2849361,25.22909545,桂林市,八中,细颗粒物(PM2.5),100,99,108,75,64,3,,,,36,43,6,7,1.0,1.1
2026-02-05T0300,3531A,110.296,25.1254,桂林市,旅游学院,细颗粒物(PM2.5),144,126,108,110,96,7,,,,29,37,6,8,0.7,0.7
2026-02-05T0300,4301A,110.2803,25.2773,桂林市,信义路13号,细颗粒物(PM2.5),123,,94,93,75,8,,,,34,43,8,19,1.4,1.4
2026-02-05T0300,1130A,126.5557,45.8109,哈尔滨市,松北商大,细颗粒物(PM2.5),124,127,85,94,72,61,,,,29,34,9,9,1.0,1
2026-02-05T0300,1133A,126.6894,45.7733,哈尔滨市,太平宏伟公园,细颗粒物(PM2.5),108,96,85,81,73,,,,,40,33,11,9,0.8,0.8
2026-02-05T0300,1134A,126.6361,45.7672,哈尔滨市,道外承德广场,,,106,105,72,64,,,,,32,38,25,26,0.2,0.4
2026-02-05T0300,1136A,126.644,45.7261,哈尔滨市,动力和平路,细颗粒物(PM2.5),77,65,69,56,54,74,,,,16,30,10,13,0.8,1
2026-02-05T0300,1137A,126.5933,45.7479,哈尔滨市,道里建国路,细颗粒物(PM2.5),85,75,71,63,64,74,,,,27,39,12,20,0.3,0.4
2026-02-05T0300,1138A,126.6127,45.6119,哈尔滨市,平房东轻厂,细颗粒物(PM2.5),63,64,95,45,81,35,,,,49,60,8,25,0.9,1.2
2026-02-05T0300,1139A,126.5875,45.9827,哈尔滨市,呼兰师专,细颗粒物(PM2.5),119,91,90,90,81,54,,,,28,28,14,14,1.3,1.2
2026-02-05T0300,1140A,126.6299,45.6799,哈尔滨市,省农科院,细颗粒物(PM2.5),79,,75,58,53,53,,,,35,36,29,21,0.8,1
2026-02-05T0300,4282A,126.6769,45.7379,哈尔滨市,华山路1号,细颗粒物(PM2.5),77,75,73,56,54,67,,,,20,32,9,17,0.9,1
2026-02-05T0300,4283A,126.9717,45.5356,哈尔滨市,解放大街52号,细颗粒物(PM2.5),60,68,97,43,69,53,,,,22,35,15,24,0.8,1.6
2026-02-05T0300,2688A,93.5124,42.8176,哈密市,地区监测站,细颗粒物(PM2.5),73,80,74,53,35,21,,,,39,22,8,9,1.3,0.5
2026-02-05T0300,2689A,93.5014,42.8312,哈密市,哈密师范学校,颗粒物(PM10),84,118,94,50,28,2,,,,75,41,7,7,2.0,0.9
2026-02-05T0300,2671A,100.9016,36.9464,海北藏族自治州,海晏县西海镇,颗粒物(PM10),58,66,35,39,19,83,,,,10,6,12,10,0.9,0.5
2026-02-05T0300,3867A,102.074,36.5056,海东市,平安区公安局北苑,细颗粒物(PM2.5),133,,99,101,68,63,,,,8,20,10,23,0.8,1.2
2026-02-05T0300,4163A,102.0984,36.5119,海东市,滨河路,细颗粒物(PM2.5),73,90,100,53,60,26,,,,64,41,32,29,1.0,1
2026-02-05T0300,1410A,110.3189,20.0596,海口市,海南大学,,38,38,38,18,19,80,,,,6,8,5,5,0.5,0.5
2026-02-05T0300,1411A,110.2827,20.0051,海口市,秀英海南医院,,40,40,38,17,19,71,,,,14,11,7,7,0.4,0.4
2026-02-05T0300,1412A,110.3391,19.9979,海口市,海南师范大学,,42,42,44,21,21,78,,,,7,9,5,5,0.5,0.6
2026-02-05T0300,1413A,110.3303,20.0359,海口市,龙华路环保局宿舍,,39,39,38,20,22,84,,,,8,8,/,/,0.7,0.8
2026-02-05T0300,3539A,110.5111,19.9737,海口市,桂林洋子站,,37,37,39,21,22,70,,,,7,8,/,/,/,/
2026-02-05T0300,4134A,110.1952,20.0451,海口市,长滨二路9号,,30,30,32,20,20,72,,,,7,9,/,/,/,/
2026-02-05T0300,2673A,100.6158,36.2985,海南藏族自治州,共和县恰卜恰镇,,29,29,35,14,21,43,,,,13,24,12,13,0.4,0.5
2026-02-05T0300,2676A,97.373,37.376,海西蒙古族藏族自治州,德令哈市,,35,35,18,8,9,97,,,,4,6,13,14,0.4,0.4
2026-02-05T0300,1049A,114.492,36.5712,邯郸市,矿院,细颗粒物(PM2.5),198,174,140,148,117,2,,,,74,50,5,10,1.4,1.2
2026-02-05T0300,1050A,114.4839,36.6136,邯郸市,丛台公园,细颗粒物(PM2.5),186,175,147,140,115,8,,,,79,45,10,14,1.5,1.2
2026-02-05T0300,3458A,114.7893,36.5592,邯郸市,香泉濮院小区,细颗粒物(PM2.5),159,188,167,121,101,39,,,,42,36,10,12,1.2,1.1
2026-02-05T0300,3580A,114.1998,36.4439,邯郸市,峰峰矿区临水派出所,颗粒物(PM10),54,58,95,31,66,92,,,,5,16,18,17,0.8,1.2
2026-02-05T0300,4068A,114.5209,36.7697,邯郸市,建安街268号,细颗粒物(PM2.5),192,170,147,144,119,0,,,,71,59,10,10,1.8,1.3
2026-02-05T0300,4069A,114.5488,36.6177,邯郸市,丛台东路558号,细颗粒物(PM2.5),185,192,158,139,125,2,,,,114,59,10,11,1.5,1.3
2026-02-05T0300,2635A,107.0155,33.0707,汉中市,市监测站,细颗粒物(PM2.5),125,117,102,95,69,6,,,,47,39,6,8,1.8,1.4
2026-02-05T0300,2636A,107.0083,33.114,汉中市,鑫源开发区,细颗粒物(PM2.5),109,126,95,82,70,22,,,,52,37,9,8,1.6,1.1
2026-02-05T0300,2637A,107.0072,33.0323,汉中市,南郑大河坎水厂,,,97,108,75,71,5,,,,35,34,,8,1.2,1.1
2026-02-05T0300,1223A,120.2073,30.2111,杭州市,滨江,细颗粒物(PM2.5),103,127,110,77,75,0,,,,103,62,8,8,1.0,0.9
2026-02-05T0300,1224A,120.0625,30.2737,杭州市,西溪,细颗粒物(PM2.5),84,81,93,62,66,0,,,,46,49,8,9,1.0,0.9
2026-02-05T0300,1226A,120.3417,30.315,杭州市,下沙,细颗粒物(PM2.5),110,120,103,83,76,13,,,,83,73,9,10,0.6,0.5
2026-02-05T0300,1227A,120.1252,30.2465,杭州市,卧龙桥,细颗粒物(PM2.5),80,80,79,59,61,0,,,,55,44,10,9,0.5,0.5
2026-02-05T0300,1228A,120.1902,30.2691,杭州市,浙江农大,细颗粒物(PM2.5),97,115,108,72,71,1,,,,103,75,7,7,0.8,0.8
2026-02-05T0300,1230A,120.1195,30.3121,杭州市,和睦小学,细颗粒物(PM2.5),100,119,115,75,78,1,,,,84,62,7,7,0.9,0.9
2026-02-05T0300,1231A,120.3076,30.4146,杭州市,临平镇,细颗粒物(PM2.5),113,125,112,85,76,17,,,,71,63,7,8,0.8,0.8
2026-02-05T0300,1232A,120.2753,30.1839,杭州市,城厢镇,细颗粒物(PM2.5),107,119,106,80,70,13,,,,93,64,11,9,0.8,0.7
2026-02-05T0300,1233A,120.0883,30.1808,杭州市,云栖,颗粒物(PM10),57,64,78,39,48,4,,,,49,48,5,5,0.5,0.7
2026-02-05T0300,3557A,119.9463,30.0496,杭州市,镇二中,细颗粒物(PM2.5),104,93,79,78,74,2,,,,62,61,5,6,1.3,1.1
2026-02-05T0300,3558A,119.7184,30.2367,杭州市,市府大楼,细颗粒物(PM2.5),85,74,81,63,68,2,,,,44,41,11,11,1.1,1
2026-02-05T0300,3656A,120.1554,30.2863,杭州市,消防大队,细颗粒物(PM2.5),107,118,108,80,80,0,,,,93,63,8,8,0.8,0.8
2026-02-05T0300,1270A,117.1957,31.7845,合肥市,明珠广场,细颗粒物(PM2.5),70,75,92,51,52,0,,,,106,66,7,7,1.0,0.8
2026-02-05T0300,1272A,117.2587,31.8703,合肥市,琥珀山庄,颗粒物(PM10),65,80,85,46,52,2,,,,82,59,8,7,1.4,1.1
2026-02-05T0300,1275A,117.2593,31.9376,合肥市,庐阳区,颗粒物(PM10),82,114,93,53,50,3,,,,96,63,8,5,1.1,0.9
2026-02-05T0300,1278A,117.278,31.7392,合肥市,滨湖新区,细颗粒物(PM2.5),63,68,73,45,42,20,,,,60,48,4,4,0.9,0.8
2026-02-05T0300,3464A,117.3802,31.9148,合肥市,高教基地,颗粒物(PM10),69,88,79,45,42,4,,,,76,47,10,8,0.7,0.7
2026-02-05T0300,4098A,117.2518,31.8404,合肥市,中国科学技术大学,颗粒物(PM10),68,85,80,45,44,2,,,,95,55,9,9,1.3,1
2026-02-05T0300,3614A,79.9241,37.0878,和田地区,地区环保局,颗粒物(PM10),107,163,279,14,75,61,,,,10,27,1,6,0.5,1.1
2026-02-05T0300,3615A,79.9132,37.1137,和田地区,市环保局,颗粒物(PM10),79,107,294,16,69,54,,,,29,37,2,5,0.2,1
2026-02-05T0300,2517A,108.0496,24.6957,河池市,市环保站,细颗粒物(PM2.5),166,126,102,126,88,4,,,,39,33,3,5,1.3,1.2
2026-02-05T0300,4302A,108.0901,24.6945,河池市,上任中路54号,细颗粒物(PM2.5),162,135,115,123,90,10,,,,26,28,5,6,1.6,1.4
2026-02-05T0300,1697A,114.6962,23.7538,河源市,东埔,,48,47,57,33,38,1,,,,56,35,5,6,0.8,0.8
2026-02-05T0300,1698A,114.6895,23.7232,河源市,老城,,32,28,49,22,32,3,,,,43,25,5,6,0.6,0.7
2026-02-05T0300,3374A,115.5562,35.089,菏泽市,定陶老年大学,细颗粒物(PM2.5),179,173,141,135,102,39,,,,33,26,5,6,0.8,0.6
2026-02-05T0300,4114A,115.4239,35.2593,菏泽市,黄河路600号,细颗粒物(PM2.5),182,189,158,137,108,9,,,,94,45,4,6,1.1,0.9
2026-02-05T0300,4115A,115.5025,35.2727,菏泽市,菏泽市人社局,细颗粒物(PM2.5),180,193,153,136,105,20,,,,66,39,10,11,1.2,0.9
2026-02-05T0300,4184A,115.479691,35.244011,菏泽市,永昌路1号,细颗粒物(PM2.5),195,189,158,146,108,18,,,,65,37,4,6,0.9,0.8
2026-02-05T0300,4193A,115.471542,35.280012,菏泽市,长城路999号,细颗粒物(PM2.5),162,177,146,123,98,24,,,,64,38,5,8,1.2,1
2026-02-05T0300,2514A,111.5264,24.4178,贺州市,环保小区,细颗粒物(PM2.5),70,66,75,51,47,27,,,,40,40,3,4,0.8,0.8
2026-02-05T0300,2515A,111.561,24.4074,贺州市,政协大楼,,46,43,54,32,36,52,,,,23,31,11,12,0.8,0.8
2026-02-05T0300,3534A,111.4744,24.455,贺州市,西湾,颗粒物(PM10),75,100,73,51,46,21,,,,46,41,6,7,1.0,0.9
2026-02-05T0300,2385A,114.17,35.9019,鹤壁市,市监测站,细颗粒物(PM2.5),89,96,130,66,83,41,,,,21,32,3,8,0.9,1.1
2026-02-05T0300,2386A,114.2953,35.7512,鹤壁市,市交警支队,细颗粒物(PM2.5),115,139,156,87,108,4,,,,72,51,9,11,1.1,1
2026-02-05T0300,2387A,114.2877,35.7302,鹤壁市,迎宾馆,细颗粒物(PM2.5),102,133,151,76,99,23,,,,46,50,7,10,1.0,1.2
2026-02-05T0300,3474A,114.2616,35.6824,鹤壁市,大新区,细颗粒物(PM2.5),132,126,141,100,108,7,,,,70,60,8,12,1.2,1.2
2026-02-05T0300,3596A,114.1573,35.9607,鹤壁市,南山宾馆,细颗粒物(PM2.5),80,91,115,59,74,86,,,,10,20,10,14,0.6,0.8
